{
    "mean": [
        0.5020195253710596,
        0.5047769240687942,
        0.49493494033043867
    ],
    "std": [
        0.2698668942354135,
        0.27720259378389367,
        0.30068507750980394
    ]
}