sample_id,fundamental_matrix
googleurban;1cf87530;a5a9975574c94ff9a285f58c39b53d2c-0143f47ee9e54243a1b8454f3e91621a,0.06377171256744407 0.013457351355713576 0.3480541903802794 0.909056023603163 0.2712185011744789 0.6303677630642018 0.4608059549268012 0.13858050081683404 0.658797020253644
googleurban;6ceaefff;39563e58b2b7411da3f06427c9ee4239-0303b05ca0cb46959eac430e4b2472ca,0.9482570558218754 0.22187106097992249 0.6401265882286322 0.14339998572302348 0.5105675632777302 0.6632912574807681 0.34613457269860515 0.9628333438255607 0.5267085235985459
googleurban;d91db836;81dd07fb7b9a4e01996cee637f91ca1a-0006b1337a0347f49b4e651c035dfa0e,0.11050136659424259 0.7987936275204097 0.06535090010765465 0.13467938110325328 0.6215274635663975 0.31620443508471197 0.15878471909392466 0.5169359400636682 0.3117561698578113
